,Unnamed: 0,title,cid,gender,prediction,rank_fair
0,6,Account Coordinator,602fbc81-9a46-4772-ba93-8093b6b6195d,f,12,1
1,4,Account Coordinator,3424c66d-652c-4128-869f-2c257de32cd3,f,11,2
2,1,Account Coordinator,43ab4917-35a1-4403-8da2-cdae6faf53d4,f,10,3
3,9,Account Coordinator,db8bf4ca-73ff-44ce-a8f8-43048faa5808,m,9,4
4,3,Account Coordinator,aba68eaa-3c38-4585-a6c7-e8c4c7dabb24,f,8,5
5,11,Account Coordinator,994ffd3e-d704-46e2-bbbb-bd22e13c9f9f,m,7,6
6,8,Account Coordinator,cd7b9253-84c4-41c3-b4e4-8ba94cd4611e,m,6,7
7,7,Account Coordinator,c27f66b1-bf32-4418-985a-3ae4fec06ffb,m,5,8
8,2,Account Coordinator,60a1d80c-bb85-46e4-bc80-76f2118c2a17,f,4,9
9,0,Account Coordinator,1f678cc1-6bcb-43e3-8471-9523589cfe06,f,3,10
10,10,Account Coordinator,f7888954-13fa-4640-b309-35a75746a5d4,m,2,11
11,5,Account Coordinator,540dfdf6-ec7f-41de-ae47-25c22c13872c,f,1,12
12,24,Account Executive,306ed0b0-f2ff-4dc5-a96c-8e927d8ec9c7,m,13,1
13,17,Account Executive,2dabdec0-8d06-4ec3-a4a7-8e31e151172d,m,12,2
14,12,Account Executive,515710cb-65ef-4a92-9137-ee7c5ff2b400,f,11,3
15,13,Account Executive,2961ab42-3f64-46c8-a377-05ae6f5e3493,f,10,4
16,21,Account Executive,7032178e-1c9a-4890-a8b0-84d8fbacb481,m,9,5
17,18,Account Executive,3a839246-e3a6-4028-9bb8-b296315cceba,m,8,6
18,23,Account Executive,02c1ae91-10a9-4a65-9246-ff55970b2b4a,m,7,7
19,19,Account Executive,e37bf701-fc5b-4dad-98c2-7408bfa48e54,m,6,8
20,14,Account Executive,3166d54b-e511-4237-9761-e62f47e5dea4,f,5,9
21,15,Account Executive,2e27d81b-bd4c-4fb5-9915-33bd0332afe7,m,4,10
22,22,Account Executive,9505801a-180d-4724-818f-59c5698a9a59,m,3,11
23,16,Account Executive,8b5821c6-da39-4644-9ac2-0a672603d3e5,m,2,12
24,20,Account Executive,0a26bc45-f41d-4e76-b69d-ed0b2345e64d,m,1,13
25,33,Accountant,efccb694-be2f-455f-a018-665161cb1141,m,12,1
26,30,Accountant,b7b688fc-bda0-41f6-bc34-efb794943829,m,11,2
27,34,Accountant,4ffe7409-a788-404b-aced-c98e6ef3e3d7,m,10,3
28,28,Accountant,b50c7d1e-ad2a-4a30-8715-c8fd14b24f37,m,9,4
29,25,Accountant,077c6ecf-d3a6-45b3-9e20-6ad2400a6381,f,8,5
30,32,Accountant,431d79c8-2003-4abb-b18d-615b780dbfcc,m,7,6
31,29,Accountant,7cc330f2-9be6-4f98-b615-e98de75fb0ef,m,6,7
32,36,Accountant,9c4fa439-0c65-4f16-b460-75222f46422b,m,5,8
33,27,Accountant,96b94892-387a-4c9c-960f-4f7c69dcb3e4,f,4,9
34,35,Accountant,5f371e2c-19a4-46ec-a1bd-aa6d7851d91f,m,3,10
35,31,Accountant,e2d129b3-2da6-42f2-8d07-d118778f8ff4,m,2,11
36,26,Accountant,dca89b81-bf74-4b19-b1ce-bfb090b57af8,f,1,12
37,44,Actuary,511984ec-e0e5-4e01-a305-6fc8f20ecb19,m,13,1
38,47,Actuary,609e3d58-c242-4acc-921f-032659c39606,m,12,2
39,43,Actuary,8047ea30-dbd1-4558-ad06-19a318dfcb9b,m,11,3
40,40,Actuary,4efa2e42-97ef-488d-ac90-09ce3169517b,f,10,4
41,49,Actuary,5d7c796f-1c76-4ede-840d-49c39787bb78,m,9,5
42,42,Actuary,7d8ae15d-0d1f-400d-8fe8-8e1c124228f1,m,8,6
43,46,Actuary,5c3e3f0e-66a9-4061-a663-def081140aaf,m,7,7
44,39,Actuary,1fe89411-66a4-4fb6-ad0b-4d89f8954e74,f,6,8
45,45,Actuary,5ae75031-f9ca-4624-8b76-1a280448ba95,m,5,9
46,48,Actuary,2bae094a-4826-4d15-977d-29e8700ecaa7,m,4,10
47,38,Actuary,0617bebc-df54-4b7f-8db5-5da538ac5dfd,f,3,11
48,37,Actuary,32ab3a66-09f6-4012-8272-ddca69328537,f,2,12
49,41,Actuary,a35744d9-f4de-4c51-92ac-ecba814c5a4a,m,1,13
50,51,Administrative Assistant,5b385b01-8b01-4c1e-be8b-903d4b29c3fd,f,13,1
51,61,Administrative Assistant,b078ac06-41a5-46d0-9a4f-91cffd3c21dc,m,12,2
52,57,Administrative Assistant,6e695ee5-0c29-4678-b4a3-cb6ccbdf3a23,f,11,3
53,54,Administrative Assistant,a8543f27-1f88-4f4c-8b0d-8136e3984afb,f,10,4
54,53,Administrative Assistant,dc3feef3-3f33-4b0c-9f53-9feb4990f850,f,9,5
55,58,Administrative Assistant,16458938-4397-4d24-9ce2-b74af823b442,f,8,6
56,52,Administrative Assistant,66ddd896-4f02-4c73-9ae1-cf9cea085b53,f,7,7
57,59,Administrative Assistant,4529e04e-3c63-4d3a-beb2-2c62b018aa20,f,6,8
58,55,Administrative Assistant,5de642d4-6839-4159-b009-f64959fa51b5,f,5,9
59,56,Administrative Assistant,a053ad18-978d-4b61-a73d-05f33d1cedb1,f,4,10
60,60,Administrative Assistant,9cb59a61-5949-4b08-9f7e-5ff78b490ae6,m,3,11
61,62,Administrative Assistant,ab3cf347-928c-4ea7-acad-03b5d9ef118a,m,2,12
62,50,Administrative Assistant,ff9a26d1-b5e3-4cf4-8078-6319df0dfb02,f,1,13
63,71,Advertising Director,823f9d23-5baf-4d09-9c7a-f8f6e7f15d72,m,12,1
64,67,Advertising Director,bcb1f4c1-c824-4e85-84a0-a1ee876043ec,m,11,2
65,64,Advertising Director,0e829473-5197-4919-a1ab-f3dfe2c4a539,m,10,3
66,72,Advertising Director,ce9f3bad-2b2b-42f0-8ddc-e3bc49d6f863,m,9,4
67,63,Advertising Director,2613a1cd-2e02-4aff-9b7f-9b2c12e25c87,f,8,5
68,73,Advertising Director,714d98b0-119e-49ed-9b55-33dc9a6fbb17,m,7,6
69,74,Advertising Director,ad4311aa-47ff-4f86-84fa-b3095aa21793,m,6,7
70,65,Advertising Director,9d7499a1-1035-40db-ae94-04deda6b97ec,m,5,8
71,66,Advertising Director,c8392b2c-718e-481a-b7d2-61464de98520,m,4,9
72,70,Advertising Director,49967063-be18-47c4-b132-8a406889083a,m,3,10
73,69,Advertising Director,0302ec08-571f-4b52-976d-37e2a6f5ecd2,m,2,11
74,68,Advertising Director,de12cff2-0762-4577-88ae-a9660a4aaad8,m,1,12
75,78,Application Support Analyst,9db773ca-3ed3-4f8a-b8f4-c94b72be8831,f,13,1
76,86,Application Support Analyst,24d9061c-03e8-4660-a64f-dfce449641c8,m,12,2
77,77,Application Support Analyst,3ea11cf0-47f8-4375-9c74-a900fd1ba39d,f,11,3
78,85,Application Support Analyst,2d2594ab-7daf-4510-92ad-6d4fad533873,m,10,4
79,83,Application Support Analyst,4c1616a7-911a-421c-acdf-f2f35980c8a0,m,9,5
80,80,Application Support Analyst,d138920a-bbd1-4b8b-a804-78976c6be1f7,m,8,6
81,82,Application Support Analyst,a3927b07-3bde-4caa-a7eb-aed913e270e5,m,7,7
82,75,Application Support Analyst,7dc4cffd-cfae-40d6-b681-8247b5d44f53,f,6,8
83,84,Application Support Analyst,c16931c8-3108-476c-ad28-acdbbb06cb31,m,5,9
84,79,Application Support Analyst,64bfd5dc-f973-4cc7-a5be-d292845c071d,m,4,10
85,87,Application Support Analyst,14e4418b-0ead-4ee9-9390-6b3ad34d8d07,m,3,11
86,76,Application Support Analyst,70d73f86-7eea-4dbb-8cf0-77f59a7bd0db,f,2,12
87,81,Application Support Analyst,19199df9-b6a5-4ecd-90b5-eefeb15e2644,m,1,13
88,95,Art Director,4678875a-a90d-4f28-adf7-620a5264d03b,m,13,1
89,92,Art Director,b5e8b85f-8542-4273-ab77-34ae5048d6a8,m,12,2
90,90,Art Director,bd4fd6fd-132d-48f8-846d-9d930c768ed9,f,11,3
91,100,Art Director,1cf36aac-4b35-44c7-9f06-3d6179ecc4fe,m,10,4
92,91,Art Director,0fa7d936-4900-457a-94b0-c57dee98fccf,m,9,5
93,89,Art Director,a0b37fb4-1fd8-4c6a-ab65-2b9e42d1fac4,f,8,6
94,98,Art Director,608217b4-f588-4dfb-bf43-0e4e56848e75,m,7,7
95,94,Art Director,b22043d8-3ee7-46a1-820c-af5a358ebf72,m,6,8
96,88,Art Director,909fa73d-210e-49db-a443-c242e2548448,f,5,9
97,97,Art Director,08ed28cf-6f17-48a5-a45c-fa02bf1aeaf7,m,4,10
98,99,Art Director,096c24dd-8b8b-4933-8e47-1ae53e4dd365,m,3,11
99,96,Art Director,008a0b98-e862-4620-9336-89055afcadca,m,2,12
100,93,Art Director,9f924781-61b4-40bf-9d23-ea33f8ddd7b4,m,1,13
101,105,Audiologist,4d54557e-05a2-4ab4-85df-e843cfe19720,f,12,1
102,102,Audiologist,16d7cd8b-226c-4a03-9051-9c5a602e021c,f,11,2
103,107,Audiologist,5d1f1f03-4249-4c70-a260-c9f65b851c63,f,10,3
104,101,Audiologist,c2b210c5-a619-46ed-a672-d142272ef32c,f,9,4
105,110,Audiologist,4799c033-186f-4386-bf62-310c22517f42,m,8,5
106,103,Audiologist,dbca2e7b-1012-42aa-a4aa-8d3e646d2f22,f,7,6
107,112,Audiologist,d3646fd4-acd9-440b-8829-7ad9d2b1edb2,m,6,7
108,111,Audiologist,81466071-02bc-43c8-b737-8dff5c7198a3,m,5,8
109,104,Audiologist,7b55ed48-f9ea-4bcc-8da7-902ad45fbda6,f,4,9
110,108,Audiologist,eca575d3-9cae-400e-9390-909bf9c77050,f,3,10
111,109,Audiologist,73794865-9d8a-4cfb-b0bd-ba659be8e3cb,m,2,11
112,106,Audiologist,a519d944-9c31-4b17-88b9-99aa7dc67756,f,1,12
113,121,Auditing Clerk,e3845575-52cf-4fb5-9e76-dd9ead561998,m,12,1
114,123,Auditing Clerk,1841c80d-09c3-43f7-a318-273e73fdf73d,m,11,2
115,120,Auditing Clerk,1d4ea139-0bad-4ebb-94a9-d5ceea333bbc,m,10,3
116,122,Auditing Clerk,dc2ff270-cac3-4f3a-99cb-be08a6fbca4d,m,9,4
117,114,Auditing Clerk,ec6372eb-8f27-4236-9b90-208ccde73a86,f,8,5
118,113,Auditing Clerk,f803a2c0-cc8a-4ec7-b71e-a4b97e55e20c,f,7,6
119,119,Auditing Clerk,e979e9cf-4c86-4b94-9ecb-b447cb3625de,m,6,7
120,116,Auditing Clerk,dc7bcd57-4954-4410-a177-e5dfce891bee,f,5,8
121,124,Auditing Clerk,80e8abe9-4dce-474e-8565-e7b88049f317,m,4,9
122,117,Auditing Clerk,f33bab5b-a606-4145-9348-bb8dbcda0f62,f,3,10
123,115,Auditing Clerk,db6c87d9-0973-44ce-9de6-2c4701f652ac,f,2,11
124,118,Auditing Clerk,ccb69293-7d79-4b36-81df-efe4b3be5c41,m,1,12
125,130,Auditor,5b1091f6-28b4-4ace-95cb-1b0e466b0f45,m,13,1
126,127,Auditor,2ed3b708-a9dc-4ef9-bd39-b80e41cb3e29,m,12,2
127,126,Auditor,91ea4601-bf45-4df1-ac06-72a51fd2ba14,m,11,3
128,133,Auditor,f16a90a4-e527-40a4-8204-f596f485ef75,m,10,4
129,134,Auditor,70c84b2d-3c8c-4cfb-9255-15e803fdc60f,m,9,5
130,129,Auditor,fe64d87b-095a-4c59-bf89-6a4aa74d8ea6,m,8,6
131,137,Auditor,6b585beb-93fb-43e6-9841-c41ce3982b12,m,7,7
132,135,Auditor,e4c09047-2a35-4c88-9192-a3fc6ef85556,m,6,8
133,125,Auditor,2b1a5dc0-b190-481f-b2cc-ac2198468dd9,f,5,9
134,128,Auditor,bb46e6f9-50e3-4faa-aaab-93bf945346a3,m,4,10
135,132,Auditor,05dbb159-9579-44b8-85aa-41f016626dcf,m,3,11
136,136,Auditor,7727ba75-2cf9-4364-a3cb-ea491fab4669,m,2,12
137,131,Auditor,da9c8a05-65e9-4685-b4a3-4a49b746a591,m,1,13
138,143,Bank Teller,a6614753-ca42-45ba-9dcd-6c9e95894e12,m,13,1
139,145,Bank Teller,9e4c0eb6-0aa2-4859-b17e-9010899fcf7f,m,12,2
140,142,Bank Teller,4e4c8316-3f3c-4d25-8a82-1d1cbe03db6e,f,11,3
141,144,Bank Teller,13edc66b-d8d9-4d60-aa64-63dc554f5030,m,10,4
142,150,Bank Teller,4c126025-7f07-423c-a8bd-aed3bb5caba4,m,9,5
143,147,Bank Teller,2abd57da-7c99-42f9-95b3-f18050a1bfbc,m,8,6
144,140,Bank Teller,ba182e9a-d01c-4392-845a-04ab4f387599,f,7,7
145,148,Bank Teller,03bf2151-4526-4593-83f5-858a1fab5367,m,6,8
146,146,Bank Teller,19b87c6e-c060-4017-ba1f-7ea17d3a8cf3,m,5,9
147,138,Bank Teller,af9eb043-921c-4901-bc05-8a619e4caeb3,f,4,10
148,141,Bank Teller,2a20b945-38e9-4792-8a56-93ee32e13e09,f,3,11
149,139,Bank Teller,af0c806a-697f-44e9-865d-681a27a44037,f,2,12
150,149,Bank Teller,f8528c79-f025-45c1-adf2-befed5ee7dfe,m,1,13
151,159,Brand Assistant,c22a3012-5015-45c4-831a-8f5882286265,m,13,1
152,158,Brand Assistant,09986363-22fb-41f8-80ba-19305f98d148,f,12,2
153,163,Brand Assistant,df657fcd-fef6-43fd-ad7f-a10dff42d795,m,11,3
154,155,Brand Assistant,fe8851a1-a9c7-4a78-a009-0f7066f320a5,f,10,4
155,162,Brand Assistant,4a4fdd3a-fe23-48d5-becb-fe61b8c9dd2f,m,9,5
156,160,Brand Assistant,07b8fe08-5bca-4680-b61d-d6783077f70e,m,8,6
157,154,Brand Assistant,5ddeac76-1ee9-410d-9fcd-27de17b27915,f,7,7
158,153,Brand Assistant,4f199744-2f01-412e-9360-7f232573746a,f,6,8
159,156,Brand Assistant,178e6146-592d-4ad0-8949-f2ff502edbbb,f,5,9
160,161,Brand Assistant,9639a994-ef3d-4a2f-b8e0-76ff871744a1,m,4,10
161,152,Brand Assistant,6a96644f-320f-439b-a3fa-1c799c8ca748,f,3,11
162,157,Brand Assistant,1820f176-6344-4562-8d72-9fce3bf10bf3,f,2,12
163,151,Brand Assistant,7d2dc646-0c17-4a17-9eed-4dcdbabe8a8f,f,1,13
164,173,Brand Manager,04b418f1-883f-4ccc-b1e0-265574a50010,m,12,1
165,172,Brand Manager,5263489e-8fe3-4d24-aa0e-c890666bbe66,m,11,2
166,168,Brand Manager,2f08fe76-07f9-4873-9145-42b71f9cfb3a,m,10,3
167,170,Brand Manager,6e67f834-2b63-4ca1-a15f-bd1d1a01eac8,m,9,4
168,164,Brand Manager,40395d33-d954-4bc0-b5a8-9749f2337106,f,8,5
169,174,Brand Manager,5c49fe33-cf94-4e0a-9036-9f77c467feb4,m,7,6
170,167,Brand Manager,f70863c1-cb22-4398-bcf8-63e955abf1c8,m,6,7
171,165,Brand Manager,bd62e0c3-15ad-42aa-9dba-e835b3fa6460,f,5,8
172,166,Brand Manager,48ffd844-17d4-4f56-8419-aabb2a2757f2,f,4,9
173,171,Brand Manager,ba7b09eb-b6ce-49f9-b0b5-f1250fef3632,m,3,10
174,175,Brand Manager,4774a7b6-9f4a-4c17-b68a-924f9d8b8529,m,2,11
175,169,Brand Manager,eb619689-fc7d-42a1-984f-c902ffd96fd9,m,1,12
176,183,Brand Strategist,3f826e8d-3481-432a-86ea-f2a40cea33c0,m,12,1
177,184,Brand Strategist,429ff32a-a22f-4eef-b900-a5704066aa64,m,11,2
178,182,Brand Strategist,33c65f5b-6d8e-419a-819e-00edf83ba880,m,10,3
179,176,Brand Strategist,3e7b2f11-ba2a-468f-bf9b-cfbe16f8dd8c,f,9,4
180,187,Brand Strategist,1b696c02-88d5-4957-b876-2383b8b1fe41,m,8,5
181,186,Brand Strategist,e07b53ba-05b0-4240-8002-9b067c2cef35,m,7,6
182,178,Brand Strategist,5875489a-5ade-4c80-8207-d156b84f3ed2,f,6,7
183,181,Brand Strategist,2b41111f-7612-46ac-9174-5a2672a4a02a,m,5,8
184,177,Brand Strategist,67285c03-ea74-44d3-9d00-8872abaded9f,f,4,9
185,179,Brand Strategist,ef2f2174-8d7e-4ed0-901e-1cf6fb532286,f,3,10
186,185,Brand Strategist,595d65fe-cc8f-48ef-ae95-a7080599d8e8,m,2,11
187,180,Brand Strategist,baa7a4b7-c318-4e80-9aab-e076e5918a54,f,1,12
188,196,Budget Analyst,733ec9ab-10ae-4035-8084-796961c53fb9,m,12,1
189,198,Budget Analyst,dd672a15-ce8f-4406-a3fa-65ccc8339d17,m,11,2
190,192,Budget Analyst,db2c3f0a-f502-42b3-a622-70fe57cd83ba,f,10,3
191,191,Budget Analyst,160c5483-a79c-4c7d-8522-0a12a1d241d1,f,9,4
192,194,Budget Analyst,081b8b20-6181-45e2-836b-ad7b7c0e3d18,m,8,5
193,190,Budget Analyst,86b92817-5995-4393-9d96-1440022eb191,f,7,6
194,199,Budget Analyst,d2788f91-7f48-434e-b1bb-d6d56dc97147,m,6,7
195,189,Budget Analyst,0f0b2866-e125-401b-b1c3-3f05164f59e8,f,5,8
196,195,Budget Analyst,b3eb1fa6-694c-4c50-afc2-61119b81232e,m,4,9
197,197,Budget Analyst,87b548e1-3fc6-49d2-8d8c-c32ec989afc8,m,3,10
198,193,Budget Analyst,1e1957d0-f9be-4c40-8096-226f5369836a,f,2,11
199,188,Budget Analyst,6800c7d1-e37d-41f9-90e6-38e2add7f43d,f,1,12
200,212,Building Inspector,8d532c18-d2f5-4c58-a236-a9d4c6a0388a,m,13,1
201,202,Building Inspector,0d7f716a-7730-45a0-8eab-10d81b019db5,m,12,2
202,201,Building Inspector,4b90b22f-9bb0-4d04-b8cb-7120b3b03005,m,11,3
203,203,Building Inspector,83819e82-53d7-4825-944a-3b1623717afa,m,10,4
204,205,Building Inspector,d9f99ba3-63b6-4242-bf82-f2cf1b637019,m,9,5
205,208,Building Inspector,8cb6dd40-50f6-42eb-aec7-1b238553c3cf,m,8,6
206,200,Building Inspector,f5390d80-d650-46c2-aa53-e042eb1ae416,f,7,7
207,209,Building Inspector,8c08a0e8-80ee-4ad9-8c32-cc3abdc361c9,m,6,8
208,204,Building Inspector,a6fd3127-6863-4c1b-a23f-d623fd12b96d,m,5,9
209,206,Building Inspector,c29fb24e-15e6-4113-9cf7-b4c508f67754,m,4,10
210,210,Building Inspector,5bd79e0c-bcb0-4db5-9c93-e597affd8a16,m,3,11
211,207,Building Inspector,6500bc65-bc02-4915-8835-f4855621bfee,m,2,12
212,211,Building Inspector,fb615c39-a260-4c7a-8a29-01a47f73da4a,m,1,13
213,217,Chemical Engineer,1bfed6c7-6640-4d9b-a6f7-4f1549514f39,m,13,1
214,214,Chemical Engineer,51fb533d-8668-476c-863c-7cc3862e71ea,f,12,2
215,216,Chemical Engineer,342b68f1-84ad-4eb0-80e2-d655b47c3d2e,m,11,3
216,213,Chemical Engineer,bee3b8a2-7caa-46f2-91b5-8bc45fbcfb0e,f,10,4
217,215,Chemical Engineer,fdd2f022-bb71-448e-9d6a-fcdbee4e7ed1,f,9,5
218,222,Chemical Engineer,3ec7c779-61c5-4fe1-ac3b-184b4989e2ad,m,8,6
219,224,Chemical Engineer,98c18b0c-25ee-4085-a112-76287ab97501,m,7,7
220,219,Chemical Engineer,06dd144b-6850-4d8f-80c1-47e8b66b19e7,m,6,8
221,223,Chemical Engineer,37ba199a-c196-41f0-8035-0ba26d02a6e6,m,5,9
222,221,Chemical Engineer,0a208f9e-0c68-4922-9cae-3968f05f3060,m,4,10
223,225,Chemical Engineer,91f255bb-3be1-4f50-be55-139df9e40750,m,3,11
224,218,Chemical Engineer,dcbd7b36-a13d-4c18-8c97-b20406a89d94,m,2,12
225,220,Chemical Engineer,fc63eca7-1b40-4416-9943-426bdd0598a5,m,1,13
226,230,Civil Engineer,11cbcc20-ec63-4f32-aa8c-3c87b4e1995f,m,13,1
227,233,Civil Engineer,2a477cb9-c10b-4634-a4e9-bd7e653c1a31,m,12,2
228,234,Civil Engineer,fbdb530c-3d4d-419f-896e-5223a54dc545,m,11,3
229,235,Civil Engineer,4fb23cd6-5578-411c-969a-3198808619df,m,10,4
230,232,Civil Engineer,0f887389-b1e5-42c2-82ab-e1e674f7318c,m,9,5
231,238,Civil Engineer,4ed7f4e5-b3a3-4edb-8ed5-53e2aeb5e429,m,8,6
232,229,Civil Engineer,9e7c176d-83de-4426-9134-8ac8775fd97a,m,7,7
233,236,Civil Engineer,07e6bbfc-97a2-47f8-af7d-1fa093a6e4cf,m,6,8
234,231,Civil Engineer,de1cc374-1847-4c30-95e2-bcc89933c396,m,5,9
235,227,Civil Engineer,61cc1306-5ced-42f1-861a-cfdb6f67ea93,f,4,10
236,228,Civil Engineer,ad8d410b-4d5c-4ee0-af01-087f0f719feb,f,3,11
237,226,Civil Engineer,b1c537f2-78b8-4f2d-80bf-c16914143814,f,2,12
238,237,Civil Engineer,e35183ad-8a14-4af9-8c82-e20ff0f0847b,m,1,13
239,250,Construction Engineer,babc006a-67aa-4b1d-ac98-c6c65eaa76f1,m,13,1
240,244,Construction Engineer,bf883ee5-3654-42fd-8671-4e376d49d3bc,m,12,2
241,240,Construction Engineer,7062f552-0a46-4cca-b354-7100135d1d56,m,11,3
242,246,Construction Engineer,345919d0-1445-43c6-9c22-e20a0129b553,m,10,4
243,239,Construction Engineer,041b5d02-c84b-4515-9e83-80fe2cf3aeca,f,9,5
244,243,Construction Engineer,fca4efb6-21b4-45d3-a75a-537066e9bfdc,m,8,6
245,251,Construction Engineer,c8c3c40b-2968-4530-b378-17facd7012a2,m,7,7
246,249,Construction Engineer,44f753bc-73d3-49e1-b849-923d7213e192,m,6,8
247,242,Construction Engineer,36aec0e6-843c-4d9c-9fc7-688254b160ac,m,5,9
248,241,Construction Engineer,f1e2711c-30ad-4fc6-9916-1713431a1e92,m,4,10
249,247,Construction Engineer,002e65a9-ae32-4e90-9250-0b81fe7a1a19,m,3,11
250,245,Construction Engineer,2315db3d-2fb1-4bbb-9164-d20af0aea168,m,2,12
251,248,Construction Engineer,dcdbc742-6f7d-48f6-b0dd-ef04d6255f9d,m,1,13
252,263,Contract Administrator,3ae5496a-e324-425d-a5c7-4869de4c7be0,m,13,1
253,257,Contract Administrator,f6344aff-06db-4562-9922-9c55b4d1a8ef,f,12,2
254,262,Contract Administrator,550c79a3-d407-4023-af55-31c13ac180d9,m,11,3
255,254,Contract Administrator,56b80189-2b3a-45dd-bd16-552a79b5bc40,f,10,4
256,253,Contract Administrator,231cc2e4-9ae2-4544-ab9e-1c4e9505ca30,f,9,5
257,261,Contract Administrator,f9638e7f-d96e-4e82-8b75-70687822d121,m,8,6
258,258,Contract Administrator,f47bd783-f92d-487e-b2be-0093a610970a,f,7,7
259,259,Contract Administrator,1ee3ce45-9b7b-419b-b59d-3e17f6e40ba6,f,6,8
260,256,Contract Administrator,4c15122a-2fa6-473f-b464-3cd684a8578b,f,5,9
261,264,Contract Administrator,a8db7980-3436-47bf-8c74-4b12001194cd,m,4,10
262,252,Contract Administrator,983e34a9-6418-4777-b661-8e765ce7f28a,f,3,11
263,260,Contract Administrator,8161487c-04ef-439b-b226-e2663a0f2f62,m,2,12
264,255,Contract Administrator,6df9db19-7fc3-4cf0-ad88-1866864bb319,f,1,13
265,266,Copywriter,8a5eb69e-fd5c-4124-9a99-1fc0bec66fd2,f,12,1
266,268,Copywriter,ef32dae7-5e1d-456d-9dac-0857a6cb9b60,f,11,2
267,271,Copywriter,316165ab-ac79-4aa3-bdb0-c5a9d9efa773,m,10,3
268,267,Copywriter,20f411a5-54fa-4be7-99ba-c14e0c2e0ef0,f,9,4
269,269,Copywriter,463d8de7-9c27-4490-bbca-1d708ff475bf,m,8,5
270,272,Copywriter,8865b46e-5690-4895-9f15-b356f197bb73,m,7,6
271,270,Copywriter,873afbd4-c111-4d1d-ab8f-0e6ce0bc8181,m,6,7
272,274,Copywriter,d71439d3-e23d-4b2c-afad-fb0d1daf06d4,m,5,8
273,273,Copywriter,45ac6c31-3376-4834-8000-e5a50cc05f82,m,4,9
274,276,Copywriter,614d58ae-880a-4062-a5c2-12e1de012f68,m,3,10
275,265,Copywriter,01b2f7a1-b507-4b3b-b018-544d3ac94ad9,f,2,11
276,275,Copywriter,ab394b8f-b780-43ec-ab08-f4637c7c5738,m,1,12
277,288,Creative Director,559b987f-c658-453d-a0e3-611d66b11aa0,m,12,1
278,285,Creative Director,baafaf8f-a9ec-4ef6-946b-e3f28e154ec6,m,11,2
279,282,Creative Director,8a988379-f1a9-4914-896f-d358e7879ea6,m,10,3
280,279,Creative Director,6cace6e9-88b2-4e8d-8b76-5429c627169a,m,9,4
281,280,Creative Director,ffc2240a-de69-444d-8fbf-f0674ddefd9b,m,8,5
282,283,Creative Director,be95aa3d-ff8d-4098-8367-f73d846d342d,m,7,6
283,281,Creative Director,50b5a332-541c-4c26-adf7-3ed7d4453d38,m,6,7
284,287,Creative Director,0b4fbd74-c2c5-40ca-8f24-f998b7902d52,m,5,8
285,286,Creative Director,01413093-f3b4-429b-91c5-a17cd9c9151b,m,4,9
286,277,Creative Director,5565a16d-d64c-463b-aff9-78909a64dd9f,f,3,10
287,284,Creative Director,e8c11a33-b33f-4fea-b79c-459aa5c10c56,m,2,11
288,278,Creative Director,7f72c5e7-c3f0-4e4c-81a6-d1d9e3f85c1f,f,1,12
289,289,Data Analyst,0c0ef663-42f3-470d-aabc-e08e614c2e70,f,13,1
290,301,Data Analyst,ca2b14f3-29e2-4643-b5cc-ec929e83b81f,m,12,2
291,298,Data Analyst,c6470e6c-8f04-4872-9b9b-2be9c0262380,m,11,3
292,296,Data Analyst,4b781c9b-d07c-49a8-8e58-d7f0d0448c6c,m,10,4
293,295,Data Analyst,967f4f3c-c202-4dac-aee2-7a6208ce680f,m,9,5
294,300,Data Analyst,d24e159d-40d2-4a23-94c6-d374a4f7e14e,m,8,6
295,299,Data Analyst,c886c9e6-9c15-41fc-9a6e-47871d122696,m,7,7
296,290,Data Analyst,4f965bc8-be05-4738-bb21-0d272b48b1f2,f,6,8
297,297,Data Analyst,7ebde5e8-a533-4567-947a-a7fb715da344,m,5,9
298,293,Data Analyst,afa8a9e8-3dc8-4b0b-b1ae-21070c96c6fe,m,4,10
299,292,Data Analyst,f0ca401d-2f1d-464a-9f13-12e1b113a621,m,3,11
300,291,Data Analyst,b31a607f-7fc4-4c93-afc7-415a1028ac8e,m,2,12
301,294,Data Analyst,815cf0b5-7983-4b62-998b-e1779c69e8b6,m,1,13
302,313,Daycare,6798486d-35a1-45fb-8f47-f96847a72510,m,13,1
303,305,Daycare,3ec2de37-0181-435f-ac38-13bc7e8fa801,f,12,2
304,314,Daycare,c609a071-c907-4b62-a2d3-f8e791f3dad1,m,11,3
305,310,Daycare,874c4451-3fd0-49a1-8278-8987de0853b0,f,10,4
306,309,Daycare,02f84083-cccd-4786-9777-12a035205c5f,f,9,5
307,303,Daycare,1c90013e-3a1d-4005-a114-6183fa184627,f,8,6
308,312,Daycare,1254748c-1fba-4626-af4a-a169d33bac93,m,7,7
309,308,Daycare,e996d2ac-8675-4104-90c5-c432cc535050,f,6,8
310,307,Daycare,8cb809e2-2742-495e-96e2-386e297f653c,f,5,9
311,311,Daycare,554c5a8b-6f30-4501-a6f2-9a23aba8dd66,f,4,10
312,306,Daycare,2148fdd3-e50c-4553-b4c9-50e3cf385849,f,3,11
313,304,Daycare,8197c7b6-bbdf-455c-b1bf-cb02e346cfba,f,2,12
314,302,Daycare,64ac1ec1-c4a4-4484-9c76-1efe542f0ef5,f,1,13
315,327,Dental Assistant,a4660494-0198-4ffb-ab3f-23457df0019a,m,13,1
316,326,Dental Assistant,75d76f7f-7d27-4e92-8685-21b944533eea,m,12,2
317,325,Dental Assistant,50731a92-b4fb-48f6-a115-38cef370f995,f,11,3
318,320,Dental Assistant,c1231b4d-7c68-4ada-b6a2-a72cc34a4315,f,10,4
319,324,Dental Assistant,91de745f-1885-4f18-8a3f-df480363d761,f,9,5
320,316,Dental Assistant,0dc043f5-a0d5-403c-a2af-7920d8c409d4,f,8,6
321,319,Dental Assistant,6aba861a-b3be-48f2-a227-7569213af110,f,7,7
322,317,Dental Assistant,d2b5dbe3-df86-4675-bee2-4b91691b501a,f,6,8
323,315,Dental Assistant,9f5d0c16-51e3-40b2-8392-bf6dd3377224,f,5,9
324,322,Dental Assistant,cba16dbf-bc44-4279-9103-c1ffa1b469d6,f,4,10
325,321,Dental Assistant,585de3b2-4557-4756-968c-2cc87498578c,f,3,11
326,318,Dental Assistant,9cb99b79-6eb5-4ac1-b155-bd5f747d70d0,f,2,12
327,323,Dental Assistant,55410a2a-6c9a-4d39-a29f-21050626b9cd,f,1,13
328,331,Economist,7c84967a-ab6e-47b7-a744-f74a44be68de,f,13,1
329,334,Economist,e773f1bf-d5b6-4edc-8b73-f7b5c4ac4eb2,m,12,2
330,338,Economist,ac3ca778-5af7-4441-b4f0-8c1c40fb36c4,m,11,3
331,340,Economist,76c934ad-388a-4850-9274-93e6cfe8f92c,m,10,4
332,328,Economist,167cb683-58c1-41dc-b50a-197cfca719fa,f,9,5
333,336,Economist,11d3eb07-e677-441f-9af6-5c04aa24fbf6,m,8,6
334,333,Economist,3c6f4c19-7107-450c-9898-b4f83497ee41,m,7,7
335,339,Economist,a6c50c15-6728-4cd3-be76-c8febc39826c,m,6,8
336,329,Economist,f1cb9f24-0aba-4223-99ee-f60b9116b01d,f,5,9
337,332,Economist,9998721f-1352-4281-a348-32e737f6660b,m,4,10
338,337,Economist,d69599ed-ff09-45cc-8c3c-8cf20d97d258,m,3,11
339,335,Economist,7ef29575-aacd-409a-be9d-9e8365d87c2a,m,2,12
340,330,Economist,d0080f08-d164-4cd3-8a43-06793a25e0de,f,1,13
341,352,Events Coordinator,bea81f1c-1f5f-4cb9-812e-f0c0ca3a2758,m,13,1
342,347,Events Coordinator,aabc92a5-3230-40ce-a918-7cdf9d4b6378,f,12,2
343,350,Events Coordinator,fe1dfb17-ddda-4a6c-aaa6-66f58ccc18ef,f,11,3
344,349,Events Coordinator,e1773dd8-9280-4e9b-ac64-b630442f91be,f,10,4
345,343,Events Coordinator,676be8f5-7833-42cc-bd3b-2d8b4299a72f,f,9,5
346,348,Events Coordinator,8d5d8c29-48c0-47ad-a776-b73700bdd803,f,8,6
347,345,Events Coordinator,2f3b4343-ae1c-4714-bf40-5c83903f4db0,f,7,7
348,353,Events Coordinator,12cb5cf3-b649-4642-a437-e6b1b22fd48e,m,6,8
349,351,Events Coordinator,f31a8e05-a87b-4f9c-9c42-d5cdd4a52e7e,m,5,9
350,342,Events Coordinator,115b8e4c-b200-4a12-9e31-40b8496bf67c,f,4,10
351,341,Events Coordinator,82b5c618-ecf8-4164-aae5-32ba91b4580c,f,3,11
352,346,Events Coordinator,ebb7880b-1367-4bbd-b197-5b9d0ecd6d73,f,2,12
353,344,Events Coordinator,113fc3fc-3417-415a-8554-8c4d031131af,f,1,13
354,359,Field Engineer,eb230a3f-106a-410b-aa2e-fb3b7ca179bc,m,13,1
355,360,Field Engineer,a44ba0b7-85f4-4ce5-938b-c0809e7e2c3b,m,12,2
356,355,Field Engineer,2e981f85-2376-43ff-bbf1-4ca094ff28da,m,11,3
357,365,Field Engineer,1ddd94a4-fa5b-49a0-a4ff-f06858e7612e,m,10,4
358,366,Field Engineer,7cccdfc6-9d26-4bc8-8d26-662dc5fb0baa,m,9,5
359,357,Field Engineer,ee8ebff2-2f98-4f29-b593-ee16076b4b73,m,8,6
360,358,Field Engineer,62ca7430-c2ff-40f1-956c-6d80137939d9,m,7,7
361,356,Field Engineer,a9482f41-08cd-44d2-a991-71f833c5f4ca,m,6,8
362,362,Field Engineer,4576302a-0f50-4072-a2dc-415a5e65c61b,m,5,9
363,361,Field Engineer,4909786d-55bc-4ce9-aaae-90ecebc3e82f,m,4,10
364,354,Field Engineer,0357ddd9-4b28-472a-802b-cda24fc1ab6e,f,3,11
365,363,Field Engineer,054da0dd-6c38-48ab-a01b-9e0d84763b9f,m,2,12
366,364,Field Engineer,887d3e35-a801-4299-bd96-3e6d334848f5,m,1,13
367,376,Internet Marketing Coordinator,cd80c0a6-36bb-4f0b-91c9-dc5329cc7d9f,m,13,1
368,378,Internet Marketing Coordinator,e0aa250a-967f-4404-b808-1c50e0392cb4,m,12,2
369,372,Internet Marketing Coordinator,7ceb5591-06a2-427e-a6d5-170a09d99eea,f,11,3
370,377,Internet Marketing Coordinator,a975904b-bbfa-4042-95c5-8311529d3e70,m,10,4
371,367,Internet Marketing Coordinator,4b80476e-fa15-4bd3-9b1c-68e8b1fc1718,f,9,5
372,375,Internet Marketing Coordinator,6f7b8fbf-572e-4798-95c1-dfc00d889bbc,m,8,6
373,370,Internet Marketing Coordinator,07ce00f8-7cc3-4d72-bea0-f3f3a733051f,f,7,7
374,369,Internet Marketing Coordinator,5506e27d-35dc-4781-8351-fcdfb2979d22,f,6,8
375,374,Internet Marketing Coordinator,d13265c3-7b55-4d18-8623-9f26ef27797e,m,5,9
376,368,Internet Marketing Coordinator,48ed1414-668f-4d74-90c5-ce44ea517a1c,f,4,10
377,379,Internet Marketing Coordinator,d753d0f0-f6b4-4aa8-b753-39aca1413f39,m,3,11
378,371,Internet Marketing Coordinator,16c3916e-3e5a-4342-9c6f-cd8d616a947f,f,2,12
379,373,Internet Marketing Coordinator,e1fda2c2-9257-430d-9353-042dd60c1341,m,1,13
380,381,Lawyer,33eda2fa-e95e-4f29-8cda-0ea46bc726b8,f,10,1
381,388,Lawyer,fd61e617-634d-421f-b988-55bf5f8db467,m,9,2
382,389,Lawyer,183c6bd9-f4c7-4155-b15c-c3007157a0ba,m,8,3
383,383,Lawyer,30f6fc77-5c86-4d17-a22c-36188b609fc5,f,7,4
384,380,Lawyer,88f8e0f5-1b62-4321-bc6b-8b394182fd30,f,6,5
385,386,Lawyer,a471a6d0-2002-4220-8750-73c3085b7da1,m,5,6
386,385,Lawyer,a39cc5eb-6dce-4e1b-9830-767d4b677c53,m,4,7
387,387,Lawyer,361a7e11-1022-44d2-9a9a-5ba40057f2f5,m,3,8
388,382,Lawyer,f7966bc4-a1cb-4468-83c7-c3abaa771ede,f,2,9
389,384,Lawyer,cb2a6184-8022-4d8d-80f1-c79114eb0ba6,m,1,10
390,392,Legal Advisor,ee8e725a-65b4-4469-aa5c-6d8b0c29d5c9,f,12,1
391,397,Legal Advisor,41dd10e4-5a2d-49c7-ae8e-d6561c94efee,m,11,2
392,391,Legal Advisor,23641236-26ca-472d-bd3b-28c577840972,f,10,3
393,394,Legal Advisor,879252c0-b849-4fc3-9af2-8a571975f347,f,9,4
394,400,Legal Advisor,27c62f69-eacb-423b-910b-5a03a34e3b42,m,8,5
395,395,Legal Advisor,76654e2c-43d3-45c3-ab53-2a5023f93921,m,7,6
396,390,Legal Advisor,00d58ff7-9ebd-4375-b319-ab63fd905a66,f,6,7
397,393,Legal Advisor,99c79732-fe27-4c96-b3af-7c1bae713bce,f,5,8
398,401,Legal Advisor,916f46a4-0ee7-400e-bc86-be2cffadeb5a,m,4,9
399,398,Legal Advisor,19de7b6e-be4f-438a-ae1c-889b8008eb29,m,3,10
400,399,Legal Advisor,330c2037-7ad2-4271-b8d5-d182e22f18a5,m,2,11
401,396,Legal Advisor,64821f47-4204-4099-8517-a7faca532d32,m,1,12
402,408,Market Research Analyst,71520552-9a87-44cd-89e7-c06430339227,f,13,1
403,404,Market Research Analyst,c91f4f3b-26a1-40ee-ad65-207944e99095,f,12,2
404,406,Market Research Analyst,b8825da3-71df-44d2-a339-8e4b432eeb09,f,11,3
405,402,Market Research Analyst,a56991e3-3650-452f-a00d-d8baede4a28b,f,10,4
406,405,Market Research Analyst,e8d88bd3-5e2a-48c6-b938-d37583c22fe9,f,9,5
407,403,Market Research Analyst,5d275b18-8206-4ce2-80e0-23f3aac427cf,f,8,6
408,409,Market Research Analyst,9ff7fed3-33f4-4b15-a288-cec25dd3c08d,m,7,7
409,413,Market Research Analyst,74566f9b-c121-4c5a-b8e1-fed48dfc82d8,m,6,8
410,407,Market Research Analyst,6ac57f51-9d2c-4e90-a8f6-71198e30c847,f,5,9
411,412,Market Research Analyst,8a7833c4-d4e0-41cf-a079-7877e87eb131,m,4,10
412,414,Market Research Analyst,99093df1-fc77-4793-a3fe-8e5366881ef3,m,3,11
413,411,Market Research Analyst,a707393f-db9e-46b9-8678-395e58d185da,m,2,12
414,410,Market Research Analyst,8f0c88b0-7b17-4f8a-8103-cfc7e76e6897,m,1,13
415,418,Marketing Associate,fb346734-ff4a-44d6-9fe8-dab9a95a1da6,f,13,1
416,417,Marketing Associate,0ae3685f-71cb-444c-bbff-9dd153cb216d,f,12,2
417,416,Marketing Associate,bffb785d-bac3-4ce0-90d6-088f0af43bb3,f,11,3
418,422,Marketing Associate,c08952ba-f143-4c0d-81b1-4886016622b9,f,10,4
419,425,Marketing Associate,3e9751e5-b1db-4ad8-b389-aa3503216a74,m,9,5
420,427,Marketing Associate,21a11281-151e-4142-80bf-08671f198354,m,8,6
421,423,Marketing Associate,599504ca-e799-4de1-a361-54c06aef372a,m,7,7
422,415,Marketing Associate,bbfb0403-06bb-4bcb-b975-b55aaffebabf,f,6,8
423,419,Marketing Associate,7a58e361-2294-4817-98f1-9036264f0109,f,5,9
424,420,Marketing Associate,2a22f29d-bc72-4414-9fa8-0d1165e07d38,f,4,10
425,421,Marketing Associate,1d3112d3-cf82-4011-b70a-fc68e4725c67,f,3,11
426,426,Marketing Associate,54f74fa3-cd11-4578-aec6-fb1733948365,m,2,12
427,424,Marketing Associate,789b13f5-9b23-484b-8e39-765277b2f799,m,1,13
428,437,Mathematician,5c362027-e661-4752-a7b4-8780bf681189,m,13,1
429,432,Mathematician,cb1011bc-465f-4024-b732-a43487511130,m,12,2
430,440,Mathematician,a23850d9-4391-48b8-9fbf-98a625edd79c,m,11,3
431,429,Mathematician,4d100d6e-6157-4ec3-b30d-60b0b2a344db,f,10,4
432,439,Mathematician,b83e9142-ecb8-4572-a5e7-0ad770b8fe52,m,9,5
433,428,Mathematician,057d776c-fd20-4cd0-8620-6fe9b698f7d6,f,8,6
434,430,Mathematician,3d714e12-4246-40c6-917e-e3ef11fafa22,f,7,7
435,433,Mathematician,52290a67-fdc2-473e-891c-5ab74a104442,m,6,8
436,435,Mathematician,108f69a3-fdad-45e9-b3bf-d2311466bf3d,m,5,9
437,431,Mathematician,85ca8ceb-b92b-485d-8c27-ed9bd9d5ff06,f,4,10
438,438,Mathematician,ab95ae22-1994-4810-a65c-c766982c1886,m,3,11
439,436,Mathematician,49b4ca66-ff0f-493a-bffe-93cd82fde3f3,m,2,12
440,434,Mathematician,033e0563-b5dd-4963-bf5d-6b684e869796,m,1,13
441,453,Medical Assistant,071d2fd7-0a2a-4ca3-9ce2-e405e1635a5b,m,13,1
442,450,Medical Assistant,d0a4fdcb-c5ba-4e87-9763-23a138b106c8,f,12,2
443,442,Medical Assistant,31eaff46-c0d2-4eac-beb7-62ae153518fd,f,11,3
444,449,Medical Assistant,ce0534f7-aac8-4047-b0dd-2f3da9bf8238,f,10,4
445,441,Medical Assistant,09ca30e5-2174-402b-b532-b1246fecb27d,f,9,5
446,443,Medical Assistant,d86b8db0-ab29-4c89-8fca-4788ce07f0fd,f,8,6
447,445,Medical Assistant,0c07c898-9ee3-461d-aadb-346000b66740,f,7,7
448,447,Medical Assistant,f5a3964d-935d-424d-9291-c610234bf733,f,6,8
449,452,Medical Assistant,9d672948-d9b0-4157-9ee5-bfc7a6ab9b37,m,5,9
450,451,Medical Assistant,17581cf5-81e7-42dd-910e-25d19b3ddffb,m,4,10
451,444,Medical Assistant,ef3dfc4a-d201-4ea9-bcf7-057a423845fa,f,3,11
452,448,Medical Assistant,0c5c56e3-8580-42bd-9968-a2135d917fd3,f,2,12
453,446,Medical Assistant,794ae1c2-09ed-448e-acee-4a704b352b8e,f,1,13
454,463,Office Manager,0dd176ad-cfd3-40da-b2ff-979fa7969ea3,m,13,1
455,458,Office Manager,bc3e3aa6-30dc-438a-b725-205bf60cd3a8,f,12,2
456,461,Office Manager,4f6768ff-f46f-47a1-af11-a48003fbd2e0,m,11,3
457,464,Office Manager,06b5ea4c-f03a-431d-b581-208149d4e78b,m,10,4
458,455,Office Manager,3dc9c366-c7ac-4031-ba45-f79c631de88a,f,9,5
459,454,Office Manager,a2dbb1a4-ed18-434e-b8dc-68314c969cac,f,8,6
460,456,Office Manager,657018a3-90ef-4999-ab62-11605a0b9924,f,7,7
461,460,Office Manager,22da5a2e-42fc-45a5-b8dd-0605c767b360,f,6,8
462,466,Office Manager,fb14470b-2f55-4648-a554-ae1a03961587,m,5,9
463,465,Office Manager,9599fc36-304d-4c45-8f9c-5c5e124d7f41,m,4,10
464,457,Office Manager,36527364-8847-4e3a-a6d2-f5480e1b1b12,f,3,11
465,462,Office Manager,565b8a94-9849-489d-ab5a-5257d3eb86e4,m,2,12
466,459,Office Manager,f4a6fc8d-a32c-45c2-bfde-842d228e3e02,f,1,13
467,469,Online Product Manager,cb8050a1-3266-494d-a91f-7c00694caebb,m,12,1
468,478,Online Product Manager,841e6944-c970-4988-af3c-e5f8a60f8e1b,m,11,2
469,467,Online Product Manager,35453ecc-8e03-49ac-8f20-d3695eb703c8,f,10,3
470,470,Online Product Manager,93fbef3a-21ed-444d-a492-e1df59108f55,m,9,4
471,472,Online Product Manager,ac092084-c357-4891-9fa1-9ce66f1167db,m,8,5
472,471,Online Product Manager,5c0917f8-588b-418b-8dc5-5a960277daba,m,7,6
473,473,Online Product Manager,bbf7c681-59a1-45d0-af13-d3c1d2e374dd,m,6,7
474,475,Online Product Manager,1a606eec-74f6-4eab-81e5-025a18653d33,m,5,8
475,474,Online Product Manager,a114cd35-55e2-4324-bded-8243a875ef1f,m,4,9
476,468,Online Product Manager,5d7645e9-3d78-4a7a-8151-d956fe26c856,f,3,10
477,476,Online Product Manager,62268e2d-8e9a-411d-bd2f-05d8475675c3,m,2,11
478,477,Online Product Manager,e46a27b1-c47d-483e-b22a-d6f26ca88a21,m,1,12
479,489,Public Relations Representative,c60de826-8486-42b0-aa78-759f3ceca9ac,m,12,1
480,482,Public Relations Representative,efabc1da-4de9-4f2a-a454-c608d207d3aa,f,11,2
481,481,Public Relations Representative,571f88d9-7009-4441-9516-9343d0a5e54f,f,10,3
482,490,Public Relations Representative,aa324883-56a4-4fe9-97f3-3e0cd468b0c1,m,9,4
483,479,Public Relations Representative,af055ed1-b3bb-44c7-a6e9-7581acef4e7e,f,8,5
484,483,Public Relations Representative,abe51ff5-57d5-4373-957e-b121e352fe56,f,7,6
485,485,Public Relations Representative,e8d880e1-36af-44bc-a9c5-08bcd9de9e4a,m,6,7
486,487,Public Relations Representative,773c7ab5-5a0d-4f25-9aaa-a991d9784875,m,5,8
487,480,Public Relations Representative,89c7d75e-f8db-4d78-bb96-35a6db7758ad,f,4,9
488,484,Public Relations Representative,5f9885b0-5946-49e4-a0b4-3a0387efddde,f,3,10
489,486,Public Relations Representative,fa05bb3f-0f24-4ed4-b247-116287b2f9fc,m,2,11
490,488,Public Relations Representative,4befbb79-4b5a-4e38-955d-fdd2d7e305e3,m,1,12
491,501,Public Relations Specialist,8ca5f025-df48-44b5-b54b-30ea340ad11d,m,13,1
492,498,Public Relations Specialist,e6074914-9e48-4055-83f8-920e1acb395d,f,12,2
493,495,Public Relations Specialist,f4a5a194-091c-478e-97c5-f39b114ab1de,f,11,3
494,496,Public Relations Specialist,bfb61796-65e4-445f-9608-d336dea47bd3,f,10,4
495,494,Public Relations Specialist,b9980482-c16a-40a6-9b4f-6147d6ac34bc,f,9,5
496,499,Public Relations Specialist,01d64e31-be19-487e-a271-939fc4f1114f,f,8,6
497,502,Public Relations Specialist,8e090d58-1940-433c-b807-a40b2dcd5fb2,m,7,7
498,493,Public Relations Specialist,ce6eb516-43c2-4832-b243-925dd91f00d6,f,6,8
499,500,Public Relations Specialist,d01d3a6b-2356-434a-aed0-3b18deb066d9,m,5,9
500,497,Public Relations Specialist,00455448-6a84-4551-a079-f42b80124eda,f,4,10
501,492,Public Relations Specialist,0402f256-815f-478a-922b-9dcb858b2096,f,3,11
502,491,Public Relations Specialist,773b06af-d230-4a07-a7cb-e6b9666e32ce,f,2,12
503,503,Public Relations Specialist,1b341b5d-ed6f-4ea3-af86-f7e7ce7fd21f,m,1,13
504,513,Receptionist,998d92b9-fc27-42b9-88b3-f82d4303a6c4,m,12,1
505,505,Receptionist,ecd89938-c03d-41c3-a36b-84e2dad9aa72,f,11,2
506,511,Receptionist,4acb738a-c7b3-4957-aa8f-25ab9af1ad2d,m,10,3
507,515,Receptionist,208efead-8e25-4fc9-b707-58c29c9b121e,m,9,4
508,504,Receptionist,9f47d116-8fc8-416e-843e-b2e5cee7c22a,f,8,5
509,514,Receptionist,eb59c005-ca5c-4805-85ff-533c4b3f5b65,m,7,6
510,509,Receptionist,7d07fd3d-7636-4bd3-a220-dc7ff7c1e43c,f,6,7
511,508,Receptionist,6e4d8c2e-81ca-417c-8837-2003b4b034b7,f,5,8
512,507,Receptionist,84d59b03-06ab-4249-8380-e713fa1ff42b,f,4,9
513,506,Receptionist,4874b32a-0678-4967-b52d-fc1cbf893212,f,3,10
514,510,Receptionist,7c26256a-a1c1-44ec-86b8-91ee16029f76,f,2,11
515,512,Receptionist,cda934b9-df7f-4689-9439-f3b356eaaa06,m,1,12
516,522,Safety Manager,c9fd379d-55c8-4d02-a314-50f38b71306d,m,13,1
517,517,Safety Manager,cc67d357-dd3c-4ede-a63a-d8e6ea6a83b6,f,12,2
518,518,Safety Manager,3bf35c8c-2c6f-430c-adf2-f1feb0819386,m,11,3
519,524,Safety Manager,bac7e9a3-7fc1-442d-bb31-8fd733ba6e78,m,10,4
520,526,Safety Manager,305b2fea-54a2-4a95-9413-a827e6b74717,m,9,5
521,525,Safety Manager,38a31106-28d7-4b9a-9439-a5c8d2fc8c77,m,8,6
522,528,Safety Manager,0a150ded-170d-4bca-9e0d-41261995304d,m,7,7
523,516,Safety Manager,b39497f5-bdf5-48ce-8f42-1e8f3d0dc50a,f,6,8
524,520,Safety Manager,6c12cf5e-be37-437f-8e57-c5cadc6d3fd9,m,5,9
525,519,Safety Manager,5537fcb2-9a12-4d10-9d2b-6fdcac475618,m,4,10
526,527,Safety Manager,15aaa8b8-48ca-4328-bc44-f26f04778cd5,m,3,11
527,523,Safety Manager,0bef6040-fdab-446b-bb60-2d9a71edba23,m,2,12
528,521,Safety Manager,8d4dd315-d3d0-4d59-8eb7-aae3f4b02ec4,m,1,13
529,536,Secretary,3e885cf4-8393-4ccf-9487-f77b6366b7dc,f,13,1
530,540,Secretary,ca36db51-a689-4ed3-bdb7-38debd115b65,m,12,2
531,529,Secretary,a4de2694-6f85-4eeb-8c77-4a8ef48caabe,f,11,3
532,538,Secretary,e84c9206-d71b-429a-8347-de846380c821,f,10,4
533,532,Secretary,c15e0215-977a-48f5-89a8-029fdfa42b84,f,9,5
534,535,Secretary,bbf7f05b-d15f-4c22-a277-1d7de7060944,f,8,6
535,537,Secretary,722fa52c-90e8-4691-b336-a3a0901ea9ba,f,7,7
536,539,Secretary,96a2ed1f-1d4a-4389-9297-c4dd61964344,m,6,8
537,530,Secretary,be14bd77-3326-4fc3-8daa-0a51420953fa,f,5,9
538,541,Secretary,1f065644-d53e-484d-b137-4df79c5c5e8f,m,4,10
539,533,Secretary,ccdbc1d7-a6c5-453e-9100-1e42e8042e79,f,3,11
540,531,Secretary,d6bc2939-be01-4591-94ad-b19a3704138f,f,2,12
541,534,Secretary,583f4868-3a0c-4af0-9d23-986ef4e688c0,f,1,13
542,544,Seo Manager,ae5482b6-3e44-4b4e-a4bc-7cb39e44b18b,f,13,1
543,552,Seo Manager,88942351-0486-4aa3-a43a-7b52ac46f518,m,12,2
544,542,Seo Manager,9e53e8d7-42f6-4f1c-9cda-b9a5e2016f86,f,11,3
545,553,Seo Manager,ce84d688-b285-43a6-a000-0dfbef6f4292,m,10,4
546,551,Seo Manager,506acdde-3202-432d-b67a-5abfd258eb9a,m,9,5
547,543,Seo Manager,5fc2b574-5249-4fd7-b9fa-8fe38b761469,f,8,6
548,547,Seo Manager,914708e9-9028-4a04-8072-c805f4616c06,m,7,7
549,550,Seo Manager,5291e14c-75e6-43d6-ac8f-8e6a467e6297,m,6,8
550,554,Seo Manager,adb5bbd8-92a1-410f-9336-38501597ecaf,m,5,9
551,549,Seo Manager,ebcdd90c-d2ba-4d78-a510-d3c9c0c95377,m,4,10
552,545,Seo Manager,f2a631ed-49dc-4616-a12a-e938e1f02595,m,3,11
553,548,Seo Manager,f32a5007-a14a-4e2d-9ecc-372fb8ae29c8,m,2,12
554,546,Seo Manager,71dc5ded-2b8c-49d9-a33b-e2efc48f1ef4,m,1,13
555,563,Social Media Marketing Coordinator,9f1e75e0-ff0b-47f1-940d-e1d56c8e2af3,f,13,1
556,566,Social Media Marketing Coordinator,3327be34-6326-4ea5-8e6e-e7a4c5eb966b,m,12,2
557,556,Social Media Marketing Coordinator,a932f231-8975-496f-afca-3f71185adc99,f,11,3
558,559,Social Media Marketing Coordinator,2fba2c8f-178c-42b4-88f7-0720fbe07a6d,f,10,4
559,557,Social Media Marketing Coordinator,f93e3b4d-c4e9-45cd-accc-9ba0d41b4951,f,9,5
560,562,Social Media Marketing Coordinator,76959c2b-aa6c-481b-be3c-798a8d1313e2,f,8,6
561,560,Social Media Marketing Coordinator,e9e76d4a-00fc-4039-b8c3-0c0288ee6353,f,7,7
562,558,Social Media Marketing Coordinator,8e493a5c-4ae7-4660-a7ca-999a65924713,f,6,8
563,561,Social Media Marketing Coordinator,ea25af72-0b02-4992-97bb-513ee9d3b803,f,5,9
564,555,Social Media Marketing Coordinator,66fc5483-aa93-4dd6-ba9c-3eaacc7206aa,f,4,10
565,564,Social Media Marketing Coordinator,ca28c09b-a6f4-485d-9e18-78261f662624,m,3,11
566,567,Social Media Marketing Coordinator,1bd49757-08de-43bf-b861-4d9dd78380cb,m,2,12
567,565,Social Media Marketing Coordinator,688eae36-3e43-44bd-abe3-ec4c072274ff,m,1,13
568,570,Statistician,0da2b27a-fb7c-4497-9ddb-851d2675300d,f,13,1
569,573,Statistician,df814f11-5729-4bac-aa92-b17c0e6db2dc,f,12,2
570,575,Statistician,fe08e5c6-32cf-4d3d-939e-50100e4a20c5,m,11,3
571,580,Statistician,76d16b76-c0ef-430f-9755-6b1af0a7e728,m,10,4
572,578,Statistician,b2fb8a7e-7401-48b4-8b87-7c3366810199,m,9,5
573,577,Statistician,1351448a-c0ae-4729-a39d-69a02eba0764,m,8,6
574,579,Statistician,ed56b5f1-b266-4ade-83f0-42886a39c178,m,7,7
575,569,Statistician,6af6a638-23d4-4696-bd3a-31babc12b0da,f,6,8
576,574,Statistician,15a2bd74-46ec-4460-a655-c6d1f3bb738e,m,5,9
577,576,Statistician,3e806bb4-8152-4afd-b6c6-6bc8293a0acf,m,4,10
578,571,Statistician,5e1822dd-0f47-4fe5-9947-b19a90cded2f,f,3,11
579,568,Statistician,6494b461-f377-46b1-b48b-41554525a851,f,2,12
580,572,Statistician,1b0661ae-6505-4b1d-a92d-1c95b415c260,f,1,13
581,588,Superintendent,1e176a5d-e743-4d76-81ca-981fd10f8191,m,13,1
582,583,Superintendent,de21d65b-b412-4024-b378-d23f26df53b1,f,12,2
583,585,Superintendent,ccf92b5e-895b-49a7-9777-71e9d7a803fc,m,11,3
584,589,Superintendent,0a96b678-3d48-4912-a5f7-1ac363850f84,m,10,4
585,590,Superintendent,0fa211fd-d757-4d0c-b585-1d1e860f92f9,m,9,5
586,587,Superintendent,f548018f-7568-4595-a8d7-4635b225b50a,m,8,6
587,592,Superintendent,2a1cfd44-1f3d-430c-8251-f6fc721ccf3e,m,7,7
588,593,Superintendent,317feb4b-5503-49ad-bf4b-d9f5a36b6def,m,6,8
589,584,Superintendent,c200be25-b6c6-42c7-be40-1cdda1b715d6,m,5,9
590,591,Superintendent,0b2cd041-4ec4-4cbe-92ab-ddb351996361,m,4,10
591,586,Superintendent,828392c5-2cba-49b6-b19f-849c831ebfba,m,3,11
592,581,Superintendent,c8ed99f9-4a6f-41de-abe6-d28ece5c9627,f,2,12
593,582,Superintendent,1b1971cd-b7e1-49db-bc27-7819600a20d7,f,1,13
594,601,Technical Support Specialist,757b93a8-e1e3-4082-b02d-34dec25f0e75,m,13,1
595,602,Technical Support Specialist,9984076d-c0ab-4c6e-aa0e-435cc824a32c,m,12,2
596,595,Technical Support Specialist,135569f7-a366-4dff-8fb9-c853aa43d2b4,f,11,3
597,596,Technical Support Specialist,ab6e04ef-a74a-42c8-b90c-67854cf7d6c0,f,10,4
598,606,Technical Support Specialist,6f2f1682-3330-45fa-af53-276c68bba98e,m,9,5
599,600,Technical Support Specialist,54ad7767-d17f-4812-ba48-6b35eb03b7de,m,8,6
600,599,Technical Support Specialist,a016cad2-5b15-409c-bb31-5c0187bfedbc,m,7,7
601,604,Technical Support Specialist,647a336a-b414-4b32-988f-ccdee2b33b38,m,6,8
602,597,Technical Support Specialist,2e0de8f3-8af7-4d32-b014-89d07dd69531,m,5,9
603,603,Technical Support Specialist,17cac813-42a9-4536-8499-8a61fba103cf,m,4,10
604,598,Technical Support Specialist,b76fc076-cde0-4d19-a44a-5e0474e86807,m,3,11
605,594,Technical Support Specialist,38f238bf-9e59-4bda-b099-ec2ef8696974,f,2,12
606,605,Technical Support Specialist,dc43f755-96ec-4d7a-a408-8eff13372f88,m,1,13
607,608,Treasurer,ca188e81-f12f-4438-bf13-7bb213bded0b,f,13,1
608,616,Treasurer,d1499009-fb8f-4768-a2d5-dfabd07a85e4,m,12,2
609,619,Treasurer,bfb36137-9361-481d-b821-829e43ad5e75,m,11,3
610,614,Treasurer,598bd0bc-7e50-413d-bef8-7e447a3c2e03,m,10,4
611,618,Treasurer,7f8301c6-5fc2-4791-912f-4f4dc881d60a,m,9,5
612,612,Treasurer,e4f9dc92-ac06-4b17-bcab-8c5715a3792b,m,8,6
613,609,Treasurer,a072c500-911e-4b1b-99f9-2b3bf4405fb3,f,7,7
614,613,Treasurer,024b76b8-b35a-4153-876a-148217d67539,m,6,8
615,610,Treasurer,bdb2b613-da35-4f9b-8c21-e4569e8fa0eb,m,5,9
616,611,Treasurer,52b5395b-b346-409f-993c-8d6875f0cc08,m,4,10
617,615,Treasurer,66b4993c-e69b-4fcb-9404-085caf509e80,m,3,11
618,617,Treasurer,1d3ae309-2615-487b-841f-59d62f18b88c,m,2,12
619,607,Treasurer,59721047-e1c6-428e-ab4f-31cff974ab0c,f,1,13
